experiment,layer,int_auroc_alice,int_auroc_bob,cl_auroc_alice,cl_auroc_bob
A-to-A,23,0.09873256888440858,0.790305976111942,0.9627698672715053,0.24439675482985393
A-to-A,22,0.09919197328629033,0.8127496875704248,0.9627698672715053,0.24439675482985393
A-to-A,21,0.09752236643145161,0.8163451885845404,0.9627698672715053,0.24439675482985393
A-to-A,20,0.10064894153225806,0.8183785417221529,0.9627698672715053,0.24439675482985393
A-to-A,19,0.10494896673387097,0.807392288623466,0.9627698672715053,0.24439675482985393
A-to-A,18,0.11007066952284947,0.8107726741922927,0.9627698672715053,0.24439675482985393
A-to-A,17,0.11039619035618278,0.7971000389256521,0.9627698672715053,0.24439675482985393
A-to-A,16,0.10135511172715053,0.8099455040871936,0.9627698672715053,0.24439675482985393
A-to-A,15,0.08519195228494622,0.8211084591587962,0.9627698672715053,0.24439675482985393
A-to-A,14,0.09177324848790322,0.8360973960787527,0.9627698672715053,0.24439675482985393
A-to-A,13,0.09163673975134409,0.8420642887873635,0.9627698672715053,0.24439675482985393
A-to-A,12,0.09886382728494622,0.8451578537624715,0.9627698672715053,0.24439675482985393
A-to-A,11,0.37912151377688175,0.5815953371166336,0.9627698672715053,0.24439675482985393
A-to-A,10,0.8838783182123654,0.2235740919055131,0.9627698672715053,0.24439675482985393
A-to-A,9,0.9537077872983871,0.21085667165188174,0.9627698672715053,0.24439675482985393
A-to-A,8,0.9554613995295699,0.22287496670832393,0.9627698672715053,0.24439675482985393
A-to-A,7,0.9632450226814516,0.24819968859478397,0.9627698672715053,0.24439675482985393
A-to-A,6,0.9627724924395161,0.24502929667492984,0.9627698672715053,0.24439675482985393
A-to-A,5,0.9625126008064516,0.24439675482985393,0.9627698672715053,0.24439675482985393
A-to-A,4,0.9630166330645161,0.2439460367540104,0.9627698672715053,0.24439675482985393
A-to-A,3,0.9630218834005377,0.24379494376267646,0.9627698672715053,0.24439675482985393
A-to-A,2,0.9631163894489247,0.24323922886234658,0.9627698672715053,0.24439675482985393
A-to-A,1,0.9631505166330645,0.2434671487984266,0.9627698672715053,0.24439675482985393
A-to-A,0,0.9629168766801076,0.24419700477351414,0.9627698672715053,0.24439675482985393
B-to-B,23,0.8447948168682795,0.12285652824158488,0.21674962197580647,0.926156501608244
B-to-B,22,0.8639952956989247,0.1385061768863576,0.21674962197580647,0.926156501608244
B-to-B,21,0.8603646883400538,0.13424996414742582,0.21674962197580647,0.926156501608244
B-to-B,20,0.850467804939516,0.14078537624715742,0.21674962197580647,0.926156501608244
B-to-B,19,0.8413427209341398,0.15046813218331934,0.21674962197580647,0.926156501608244
B-to-B,18,0.8528514574932795,0.18840783839708267,0.21674962197580647,0.926156501608244
B-to-B,17,0.8548177083333334,0.20931757185880231,0.21674962197580647,0.926156501608244
B-to-B,16,0.8630082325268817,0.18583413574808957,0.21674962197580647,0.926156501608244
B-to-B,15,0.8669276083669355,0.1845075905021409,0.21674962197580647,0.926156501608244
B-to-B,14,0.8889947706653226,0.19452070230071092,0.21674962197580647,0.926156501608244
B-to-B,13,0.886931388608871,0.22954098461412387,0.21674962197580647,0.926156501608244
B-to-B,12,0.8609842279905914,0.2302836450800024,0.21674962197580647,0.926156501608244
B-to-B,11,0.6056446362567205,0.4264484439982791,0.21674962197580647,0.926156501608244
B-to-B,10,0.340841313844086,0.7176840261416484,0.21674962197580647,0.926156501608244
B-to-B,9,0.20679498487903222,0.9148552580360985,0.21674962197580647,0.926156501608244
B-to-B,8,0.2087061071908603,0.9156107229927681,0.21674962197580647,0.926156501608244
B-to-B,7,0.20125850554435482,0.9214444489971523,0.21674962197580647,0.926156501608244
B-to-B,6,0.21220545614919353,0.9256033476060724,0.21674962197580647,0.926156501608244
B-to-B,5,0.2147991221438172,0.9256571264673946,0.21674962197580647,0.926156501608244
B-to-B,4,0.21616158434139784,0.9256750527545021,0.21674962197580647,0.926156501608244
B-to-B,3,0.21653960853494622,0.925915777181373,0.21674962197580647,0.926156501608244
B-to-B,2,0.2161274571572581,0.9259797996353282,0.21674962197580647,0.926156501608244
B-to-B,1,0.2158780661962366,0.926156501608244,0.21674962197580647,0.926156501608244
B-to-B,0,0.21629284274193547,0.9260745528671817,0.21674962197580647,0.926156501608244
A-to-B,23,0.612210181451613,0.1604223433242507,0.21674962197580647,0.926156501608244
A-to-B,22,0.2938639322916667,0.5054162996045972,0.21674962197580647,0.926156501608244
A-to-B,21,0.13884776125672044,0.6847841675032267,0.21674962197580647,0.926156501608244
A-to-B,20,0.11124149445564516,0.740811497408371,0.21674962197580647,0.926156501608244
A-to-B,19,0.1057575184811828,0.7734142918604413,0.21674962197580647,0.926156501608244
A-to-B,18,0.12911363827284944,0.7823031693675606,0.21674962197580647,0.926156501608244
A-to-B,17,0.1605894027217742,0.8177664870623426,0.21674962197580647,0.926156501608244
A-to-B,16,0.16719170026881724,0.8399822785847453,0.21674962197580647,0.926156501608244
A-to-B,15,0.19955477150537632,0.8576678412652885,0.21674962197580647,0.926156501608244
A-to-B,14,0.20038694976478494,0.8801217963164041,0.21674962197580647,0.926156501608244
A-to-B,13,0.21438434559811825,0.8918353444920202,0.21674962197580647,0.926156501608244
A-to-B,12,0.312001218077957,0.8351959599270655,0.21674962197580647,0.926156501608244
A-to-B,11,0.33419963877688175,0.8588945114830673,0.21674962197580647,0.926156501608244
A-to-B,10,0.23368983114919353,0.9062378357337486,0.21674962197580647,0.926156501608244
A-to-B,9,0.25783087617607525,0.9257979758660958,0.21674962197580647,0.926156501608244
A-to-B,8,0.26314946656586025,0.9228836737620618,0.21674962197580647,0.926156501608244
A-to-B,7,0.2173245337701613,0.9214956669603163,0.21674962197580647,0.926156501608244
A-to-B,6,0.21470724126344085,0.9280515662453135,0.21674962197580647,0.926156501608244
A-to-B,5,0.21354166666666669,0.9270963512323042,0.21674962197580647,0.926156501608244
A-to-B,4,0.2186554939516129,0.9264612484890701,0.21674962197580647,0.926156501608244
A-to-B,3,0.22203146001344085,0.9264407613038044,0.21674962197580647,0.926156501608244
A-to-B,2,0.2177078082997312,0.9255879822171231,0.21674962197580647,0.926156501608244
A-to-B,1,0.2147046160954301,0.9258952899961074,0.21674962197580647,0.926156501608244
A-to-B,0,0.2162455897177419,0.925890168199791,0.21674962197580647,0.926156501608244
